article,entity,start,end,highest_ratio,best_match_annotation_article,best_match_annotation_entity,best_match_similarity_ratio,best_match_annotation_start,best_match_annotation_end,Model,Article Count
22876784,meg,1221,1224,100,22876784,meg,100,1221,1224,en_ner_jnlpba_md,1000
23111886,bilirubin,902,911,100,23111886,bilirubin,100,902,911,en_ner_jnlpba_md,1000
23174144,cuso 4,344,350,92,23174144,cuso 4 ,92,344,351,en_ner_jnlpba_md,1000
23238642,arsenate reductase,574,592,62,23238642,arsenate,62,574,582,en_ner_jnlpba_md,1000
22447662,superoxide dismutase,517,537,67,22447662,superoxide,67,517,527,en_ner_jnlpba_md,1000
23024204,ssat2,1122,1127,31,23024204,spmtrien,31,1112,1120,en_ner_jnlpba_md,1000
23135549,ee₂,1367,1370,100,23135549,ee₂,100,1367,1370,en_ner_jnlpba_md,1000
22553909,hp β cyclodextrin,1036,1053,100,22553909,hp β cyclodextrin,100,1036,1053,en_ner_jnlpba_md,1000
23134558,lng ius,503,510,60,23134558,lng,60,503,506,en_ner_jnlpba_md,1000
23152191,δ 9 thc,1649,1657,100,23152191,δ 9 thc,100,1649,1657,en_ner_jnlpba_md,1000
23065141,6 hydroxy 3 4 dichloroaniline,1130,1159,100,23065141,6 hydroxy 3 4 dichloroaniline,100,1130,1159,en_ner_jnlpba_md,1000
22719017,i 2 imidazoline receptors,755,781,61,22719017,imidazoline,61,760,771,en_ner_jnlpba_md,1000
23099502,t 2 toxin,1164,1173,100,23099502,t 2 toxin,100,1164,1173,en_ner_jnlpba_md,1000
23063623,androgen receptor,414,431,64,23063623,androgen,64,414,422,en_ner_jnlpba_md,1000
23072367,pi 4 5 p 2,566,576,95,23072367,pi 4 5 p 2 ,95,566,577,en_ner_jnlpba_md,1000
23200254,bms 378806,214,224,100,23200254,bms 378806,100,214,224,en_ner_jnlpba_md,1000
23073075,nmda,912,916,100,23073075,nmda,100,912,916,en_ner_jnlpba_md,1000
23164616,microglia,68,77,25,23164616,ethanol,25,65,72,en_ner_jnlpba_md,1000
23152191,δ 9 tetrahydrocannabinol,0,25,100,23152191,δ 9 tetrahydrocannabinol,100,0,25,en_ner_jnlpba_md,1000
23187874,finite graphene sheet,266,287,55,23187874,graphene,55,273,281,en_ner_jnlpba_md,1000
23197773,δ 9 tetrahydrocannabinol,596,621,100,23197773,δ 9 tetrahydrocannabinol,100,596,621,en_ner_jnlpba_md,1000
22864625,inh,893,896,100,22864625,inh,100,893,896,en_ner_jnlpba_md,1000
23122115,whey lactose,340,352,74,23122115,lactose,74,345,352,en_ner_jnlpba_md,1000
22082827,zn,517,519,100,22082827,zn,100,517,519,en_ner_jnlpba_md,1000
22765351,atk,243,246,100,22765351,atk,100,243,246,en_ner_jnlpba_md,1000
23187618,pmo,708,711,100,23187618,pmo,100,708,711,en_ner_jnlpba_md,1000
23174144,cuso 4,1549,1555,92,23174144,cuso 4 ,92,1549,1556,en_ner_jnlpba_md,1000
23073075,s1p,568,571,100,23073075,s1p,100,568,571,en_ner_jnlpba_md,1000
23210742,cis aca,1650,1657,100,23210742,cis aca,100,1650,1657,en_ner_jnlpba_md,1000
23168114,stp,598,601,100,23168114,stp,100,598,601,en_ner_jnlpba_md,1000
23210742,cis aca,1387,1394,100,23210742,cis aca,100,1387,1394,en_ner_jnlpba_md,1000
22553909,itr,534,537,100,22553909,itr,100,534,537,en_ner_jnlpba_md,1000
23022271,nmda,438,442,100,23022271,nmda,100,438,442,en_ner_jnlpba_md,1000
22986947,apap,891,895,100,22986947,apap,100,891,895,en_ner_jnlpba_md,1000
23084047,mc lr,280,285,100,23084047,mc lr,100,280,285,en_ner_jnlpba_md,1000
23169608,nbp,1639,1642,100,23169608,nbp,100,1639,1642,en_ner_jnlpba_md,1000
23196670,aryl hydrocarbon receptor,215,240,78,23196670,aryl hydrocarbon,78,215,231,en_ner_jnlpba_md,1000
23238103,androgen receptors,515,533,62,23238103,androgen,62,515,523,en_ner_jnlpba_md,1000
22796429,nmda receptors,0,14,44,22796429,nmda,44,0,4,en_ner_jnlpba_md,1000
23099319,dom,1251,1254,100,23099319,dom,100,1251,1254,en_ner_jnlpba_md,1000
23111348,thy flc,829,836,60,23111348,thy,60,829,832,en_ner_jnlpba_md,1000
23201371,nor,1146,1149,100,23201371,nor,100,1146,1149,en_ner_jnlpba_md,1000
22995584,epo a,150,155,100,22995584,epo a,100,150,155,en_ner_jnlpba_md,1000
23246481,wogonin,292,299,100,23246481,wogonin,100,292,299,en_ner_jnlpba_md,1000
23152189,nadh,864,868,100,23152189,nadh,100,864,868,en_ner_jnlpba_md,1000
23194076,shbg,566,570,18,23194076,glucose,18,573,580,en_ner_jnlpba_md,1000
23092304,pdmaema,150,157,100,23092304,pdmaema,100,150,157,en_ner_jnlpba_md,1000
22968082,amph,1028,1032,100,22968082,amph,100,1028,1032,en_ner_jnlpba_md,1000
23060411,po 4 l,1294,1301,91,23060411,po 4 ,91,1294,1299,en_ner_jnlpba_md,1000
23192347,protein disulfide isomerase,147,174,50,23192347,disulfide,50,155,164,en_ner_jnlpba_md,1000
23159886,glutathione reductase,1547,1568,69,23159886,glutathione,69,1547,1558,en_ner_jnlpba_md,1000
23201371,vitamins b1,787,798,76,23201371,vitamins b1 and b6,76,787,805,en_ner_jnlpba_md,1000
23247471,anodic tio 2 nanotubes,351,374,43,23247471,tio 2 ,43,358,364,en_ner_jnlpba_md,1000
22876784,meg,439,442,100,22876784,meg,100,439,442,en_ner_jnlpba_md,1000
22451331,aebo,622,626,17,22451331,fructose,17,612,620,en_ner_jnlpba_md,1000
23022048,gaba,717,721,100,23022048,gaba,100,717,721,en_ner_jnlpba_md,1000
22372659,5 allosyloxy aucubin,312,332,100,22372659,5 allosyloxy aucubin,100,312,332,en_ner_jnlpba_md,1000
23201092,gnih ii,957,964,73,23201092,gnih,73,957,961,en_ner_jnlpba_md,1000
23179409,chl,737,740,75,23179409,chl a,75,737,742,en_ner_jnlpba_md,1000
23200732,estrogen receptors,585,603,62,23200732,estrogen,62,585,593,en_ner_jnlpba_md,1000
23201092,gnih iii,1091,1099,67,23201092,gnih,67,1091,1095,en_ner_jnlpba_md,1000
23174144,cuso 4,626,632,92,23174144,cuso 4 ,92,626,633,en_ner_jnlpba_md,1000
23237450,gpcrs,0,5,17,23237450,calcium,17,0,7,en_ner_jnlpba_md,1000
22998295,mtx β cd,542,550,55,22998295,mtx,55,542,545,en_ner_jnlpba_md,1000
23240979,oligo phenylene ethynylenes,194,221,100,23240979,oligo phenylene ethynylenes,100,194,221,en_ner_jnlpba_md,1000
23179409,chl,942,945,75,23179409,chl a,75,942,947,en_ner_jnlpba_md,1000
22986488,fgf 23,29,35,24,22986488,1 25 oh 2 d,24,24,36,en_ner_jnlpba_md,1000
23150226,s s,16,19,100,23150226,s s,100,16,19,en_ner_jnlpba_md,1000
23022271,nmda,307,311,100,23022271,nmda,100,307,311,en_ner_jnlpba_md,1000
23060411,dibasic na2hpo 4 ,1207,1225,69,23060411,na2hpo 4 ,69,1216,1225,en_ner_jnlpba_md,1000
23022271,n methyl d aspartate,285,305,100,23022271,n methyl d aspartate,100,285,305,en_ner_jnlpba_md,1000
23197773,9β hydroxymethyl 3 1 adamantyl hexahydrocannabinol,394,448,100,23197773,9β hydroxymethyl 3 1 adamantyl hexahydrocannabinol,100,394,448,en_ner_jnlpba_md,1000
23210742,trans aca,1636,1645,100,23210742,trans aca,100,1636,1645,en_ner_jnlpba_md,1000
23152191,δ 9 thc,1399,1407,100,23152191,δ 9 thc,100,1399,1407,en_ner_jnlpba_md,1000
22995584,epo b,1129,1134,100,22995584,epo b,100,1129,1134,en_ner_jnlpba_md,1000
22876784,meg,846,849,100,22876784,meg,100,846,849,en_ner_jnlpba_md,1000
23157627,5 ht receptor,272,285,47,23157627,5 ht,47,272,276,en_ner_jnlpba_md,1000
23245513,n methoxycarbonyl 2 amino 1 8 naphthyridine mcnd ,18,68,93,23245513,n methoxycarbonyl 2 amino 1 8 naphthyridine,93,18,61,en_ner_jnlpba_md,1000
23220290,sdc,692,695,100,23220290,sdc,100,692,695,en_ner_jnlpba_md,1000
23142559,ach,804,807,100,23142559,ach,100,804,807,en_ner_jnlpba_md,1000
23186588,αβmeatp,1297,1304,100,23186588,αβmeatp,100,1297,1304,en_ner_jnlpba_md,1000
23084046,na k atpase,1186,1202,31,23084046,k ,31,1191,1195,en_ner_jnlpba_md,1000
23194532,protein carbonyls,409,426,69,23194532,carbonyls,69,417,426,en_ner_jnlpba_md,1000
23194828,cpf,1188,1191,100,23194828,cpf,100,1188,1191,en_ner_jnlpba_md,1000
23246797,hp β cd,986,993,100,23246797,hp β cd,100,986,993,en_ner_jnlpba_md,1000
23201622,non viral vector,168,184,18,23201622,polyethyleneimine,18,169,186,en_ner_jnlpba_md,1000
23194513,glassy carbon electrodes,11,35,11,23194513,polyphenols,11,18,29,en_ner_jnlpba_md,1000
23206276,rdb,1087,1090,100,23206276,rdb,100,1087,1090,en_ner_jnlpba_md,1000
23229057,copper complexes,1668,1684,55,23229057,copper,55,1668,1674,en_ner_jnlpba_md,1000
23190031,mangiferin molecule,511,530,69,23190031,mangiferin,69,511,521,en_ner_jnlpba_md,1000
22508482,h 2 o 2 p38,242,254,84,22508482,h 2 o 2 ,84,242,250,en_ner_jnlpba_md,1000
23172734,nc 60 products,871,886,60,23172734,nc 60 ,60,871,877,en_ner_jnlpba_md,1000
22511240,inducible nitric oxide synthase,396,427,56,22511240,nitric oxide,56,406,418,en_ner_jnlpba_md,1000
22749926,nicotinic acetylcholine receptors,1390,1423,57,22749926,acetylcholine,57,1400,1413,en_ner_jnlpba_md,1000
22082827,superoxide dismutase,910,930,67,22082827,superoxide,67,910,920,en_ner_jnlpba_md,1000
22872142,amalgams,1165,1173,100,22872142,amalgams,100,1165,1173,en_ner_jnlpba_md,1000
23180341,amauroamoienin,23,37,100,23180341,amauroamoienin,100,23,37,en_ner_jnlpba_md,1000
22968082,amph,1775,1779,100,22968082,amph,100,1775,1779,en_ner_jnlpba_md,1000
22443216,γ cadinene,800,810,100,22443216,γ cadinene,100,800,810,en_ner_jnlpba_md,1000
22491024,lsp1,913,917,62,22491024,lsp1 2111,62,913,922,en_ner_jnlpba_md,1000
23169608,10 keto nbp m2 ,734,750,85,23169608,10 keto nbp,85,734,745,en_ner_jnlpba_md,1000
23220618,img,778,781,100,23220618,img,100,778,781,en_ner_jnlpba_md,1000
22883213,n or,302,307,40,22883213,n,40,302,303,en_ner_jnlpba_md,1000
22986947,apap,653,657,100,22986947,apap,100,653,657,en_ner_jnlpba_md,1000
22864625,b doped,1061,1068,25,22864625,b,25,1061,1062,en_ner_jnlpba_md,1000
22992332,n methyl d aspartate glutamate receptor,45,84,87,22992332,n methyl d aspartate glutamate,87,45,75,en_ner_jnlpba_md,1000
23123771,leucine 307,233,244,78,23123771,leucine,78,233,240,en_ner_jnlpba_md,1000
23245695,malignant cells,73,88,25,23245695,cisplatin,25,74,83,en_ner_jnlpba_md,1000
23099319,dom,750,753,100,23099319,dom,100,750,753,en_ner_jnlpba_md,1000
23177260,serotonin,601,610,100,23177260,serotonin,100,601,610,en_ner_jnlpba_md,1000
23201927,sal b,546,551,100,23201927,sal b,100,546,551,en_ner_jnlpba_md,1000
23017407,gaba a bzd receptor,1107,1127,27,23017407,bzd,27,1115,1118,en_ner_jnlpba_md,1000
23022048,gaba,1452,1456,100,23022048,gaba,100,1452,1456,en_ner_jnlpba_md,1000
22935038,cort,1490,1494,100,22935038,cort,100,1490,1494,en_ner_jnlpba_md,1000
23246797, 30mg 4,1351,1359,12,23246797,tandemact,12,1342,1351,en_ner_jnlpba_md,1000
23085522,pcb 153,1676,1683,100,23085522,pcb 153,100,1676,1683,en_ner_jnlpba_md,1000
23220035,estrogen receptor,948,965,64,23220035,estrogen,64,948,956,en_ner_jnlpba_md,1000
22884111,zno,151,154,100,22884111,zno,100,151,154,en_ner_jnlpba_md,1000
23229510,e235,1609,1613,100,23229510,e235,100,1609,1613,en_ner_jnlpba_md,1000
23103446,k562 dox cells,307,321,35,23103446,dox,35,312,315,en_ner_jnlpba_md,1000
22564442,gaba,1318,1322,100,22564442,gaba,100,1318,1322,en_ner_jnlpba_md,1000
22553909,itr,1273,1276,100,22553909,itr,100,1273,1276,en_ner_jnlpba_md,1000
22986488,1 25 oh 2 d,1550,1562,100,22986488,1 25 oh 2 d,100,1550,1562,en_ner_jnlpba_md,1000
23154194,amino acids,165,176,100,23154194,amino acids,100,165,176,en_ner_jnlpba_md,1000
23202134,superoxide dismutase,975,995,67,23202134,superoxide,67,975,985,en_ner_jnlpba_md,1000
23161062,carboxyl terminus,510,527,64,23161062,carboxyl,64,510,518,en_ner_jnlpba_md,1000
23201927,sal b,351,356,100,23201927,sal b,100,351,356,en_ner_jnlpba_md,1000
23174340,gaba,1114,1118,100,23174340,gaba,100,1114,1118,en_ner_jnlpba_md,1000
23152191,δ 9 thc,491,499,100,23152191,δ 9 thc,100,491,499,en_ner_jnlpba_md,1000
22447662,alp,1073,1076,40,22447662,alanine,40,1079,1086,en_ner_jnlpba_md,1000
23099503,serum creatine kinase,982,1003,55,23099503,creatine,55,988,996,en_ner_jnlpba_md,1000
23177260,acetylcholine esterase,615,637,74,23177260,acetylcholine,74,615,628,en_ner_jnlpba_md,1000
22876943,heme oxygenase,740,754,44,22876943,heme,44,740,744,en_ner_jnlpba_md,1000
23143926,nsc 710305,448,458,100,23143926,nsc 710305,100,448,458,en_ner_jnlpba_md,1000
23174340,gaba,1386,1390,100,23174340,gaba,100,1386,1390,en_ner_jnlpba_md,1000
23017411,hp α cd,609,616,100,23017411,hp α cd,100,609,616,en_ner_jnlpba_md,1000
23146698,superoxide dismutase,744,764,67,23146698,superoxide,67,744,754,en_ner_jnlpba_md,1000
23111348,flc,692,695,100,23111348,flc,100,692,695,en_ner_jnlpba_md,1000
23172726,meayamycin b,215,227,100,23172726,meayamycin b,100,215,227,en_ner_jnlpba_md,1000
23093494,k domains,1576,1588,36,23093494,k ,36,1576,1580,en_ner_jnlpba_md,1000
23220618,img,653,656,100,23220618,img,100,653,656,en_ner_jnlpba_md,1000
22982248,nmda,502,506,100,22982248,nmda,100,502,506,en_ner_jnlpba_md,1000
23214973,pva,1146,1149,43,23214973,alkynyl pva,43,1138,1149,en_ner_jnlpba_md,1000
23238642,reductase,1121,1130,35,23238642,arsenate,35,1112,1120,en_ner_jnlpba_md,1000
22531751,ly541850,1517,1525,100,22531751,ly541850,100,1517,1525,en_ner_jnlpba_md,1000
23127600,glucose oxidase,380,395,64,23127600,glucose,64,380,387,en_ner_jnlpba_md,1000
23108036,ap2,678,681,20,23108036,arsenic,20,684,691,en_ner_jnlpba_md,1000
22876784,meg,134,137,100,22876784,meg,100,134,137,en_ner_jnlpba_md,1000
23219683,pnw70,774,779,29,23219683,pb,29,782,784,en_ner_jnlpba_md,1000
22531751,ly541850,1453,1461,100,22531751,ly541850,100,1453,1461,en_ner_jnlpba_md,1000
23168115,gaba,835,839,100,23168115,gaba,100,835,839,en_ner_jnlpba_md,1000
22995584,epo b,616,621,100,22995584,epo b,100,616,621,en_ner_jnlpba_md,1000
23190297,3 methylcholanthrene ,1006,1027,98,23190297,3 methylcholanthrene,98,1006,1026,en_ner_jnlpba_md,1000
23010360,late i na enhancer,1188,1207,20,23010360,na,20,1195,1197,en_ner_jnlpba_md,1000
23174144,cuso 4,1321,1327,92,23174144,cuso 4 ,92,1321,1328,en_ner_jnlpba_md,1000
23174144,cu nps,586,592,50,23174144,cu,50,586,588,en_ner_jnlpba_md,1000
22872142,hg based amalgams,99,116,64,22872142,amalgams,64,108,116,en_ner_jnlpba_md,1000
22348951,superoxide dismutase,576,596,67,22348951,superoxide,67,576,586,en_ner_jnlpba_md,1000
22998295,β cd,1442,1446,100,22998295,β cd,100,1442,1446,en_ner_jnlpba_md,1000
22313530,glutamate receptors,781,800,64,22313530,glutamate,64,781,790,en_ner_jnlpba_md,1000
23146695,inducible nitric oxide synthase,1008,1039,56,23146695,nitric oxide,56,1018,1030,en_ner_jnlpba_md,1000
23143037,ibu,1664,1667,100,23143037,ibu,100,1664,1667,en_ner_jnlpba_md,1000
23200255,achiral 4 4 dimethylpyrazolone subunits,604,643,72,23200255,4 4 dimethylpyrazolone,72,612,634,en_ner_jnlpba_md,1000
23022048,gaba neurons,1493,1505,50,23022048,gaba,50,1493,1497,en_ner_jnlpba_md,1000
23210742,ohac,1378,1382,100,23210742,ohac,100,1378,1382,en_ner_jnlpba_md,1000
23211707,estrogen erα,920,932,80,23211707,estrogen,80,920,928,en_ner_jnlpba_md,1000
23134558,lng ius,1001,1008,60,23134558,lng,60,1001,1004,en_ner_jnlpba_md,1000
23127916,tyrosine kinase,115,130,70,23127916,tyrosine,70,115,123,en_ner_jnlpba_md,1000
23175103,o 2f,1216,1220,40,23175103,o,40,1216,1217,en_ner_jnlpba_md,1000
23017411,hp β cd,542,549,100,23017411,hp β cd,100,542,549,en_ner_jnlpba_md,1000
23168114,stp,1142,1145,100,23168114,stp,100,1142,1145,en_ner_jnlpba_md,1000
23253427,organometallo carbonyl complexes,60,92,81,23253427,organometallo carbonyl,81,60,82,en_ner_jnlpba_md,1000
23017411,β cd,477,481,100,23017411,β cd,100,477,481,en_ner_jnlpba_md,1000
23122161,inducible nitric oxide synthase,525,556,56,23122161,nitric oxide,56,535,547,en_ner_jnlpba_md,1000
23213199,estrogen receptors,271,289,62,23213199,estrogen,62,271,279,en_ner_jnlpba_md,1000
23206276,rhodamine b,990,1001,100,23206276,rhodamine b,100,990,1001,en_ner_jnlpba_md,1000
23237835,soluble epoxide hydrolase,112,137,44,23237835,epoxide,44,120,127,en_ner_jnlpba_md,1000
22491024,l dopa,1815,1821,100,22491024,l dopa,100,1815,1821,en_ner_jnlpba_md,1000
23168114,stp,1414,1417,100,23168114,stp,100,1414,1417,en_ner_jnlpba_md,1000
23182766,carboxy terminus,289,305,61,23182766,carboxy,61,289,296,en_ner_jnlpba_md,1000
23253427,iron allyl carbonyls,381,401,100,23253427,iron allyl carbonyls,100,381,401,en_ner_jnlpba_md,1000
23238226,sige si cr helices,365,383,20,23238226,cr,20,373,375,en_ner_jnlpba_md,1000
22765351,atk,688,691,100,22765351,atk,100,688,691,en_ner_jnlpba_md,1000
22968082,amph,1666,1670,100,22968082,amph,100,1666,1670,en_ner_jnlpba_md,1000
23136062,trap,991,995,100,23136062,trap,100,991,995,en_ner_jnlpba_md,1000
23245513,guanine guanine mismatch,279,303,45,23245513,guanine,45,287,294,en_ner_jnlpba_md,1000
23202852,n acylhydrazone moiety,228,250,81,23202852,n acylhydrazone,81,228,243,en_ner_jnlpba_md,1000
23022048,gaba,1334,1338,100,23022048,gaba,100,1334,1338,en_ner_jnlpba_md,1000
23152191,δ 9 thc,1162,1170,100,23152191,δ 9 thc,100,1162,1170,en_ner_jnlpba_md,1000
23254198,progesterone receptor,1179,1200,73,23254198,progesterone,73,1179,1191,en_ner_jnlpba_md,1000
22443216,γ cadinene,480,490,100,22443216,γ cadinene,100,480,490,en_ner_jnlpba_md,1000
23234434,lea,620,623,100,23234434,lea,100,620,623,en_ner_jnlpba_md,1000
23194828,cpf,1416,1419,100,23194828,cpf,100,1416,1419,en_ner_jnlpba_md,1000
23246798,peo,562,565,100,23246798,peo,100,562,565,en_ner_jnlpba_md,1000
23136062,trap,795,799,100,23136062,trap,100,795,799,en_ner_jnlpba_md,1000
23244033,nws,120,123,22,23244033,mno 2 ,22,113,119,en_ner_jnlpba_md,1000
23084047,enzyme superoxide dismutase,724,751,54,23084047,superoxide,54,731,741,en_ner_jnlpba_md,1000
23093024,apap,772,776,100,23093024,apap,100,772,776,en_ner_jnlpba_md,1000
23123662,copper,1557,1563,100,23123662,copper,100,1557,1563,en_ner_jnlpba_md,1000
23093024,apap,1240,1244,100,23093024,apap,100,1240,1244,en_ner_jnlpba_md,1000
23089045,tyrosine kinase,466,481,70,23089045,tyrosine,70,466,474,en_ner_jnlpba_md,1000
23157634,gaba,289,293,100,23157634,gaba,100,289,293,en_ner_jnlpba_md,1000
23132866,androgen receptor,4,21,64,23132866,androgen,64,4,12,en_ner_jnlpba_md,1000
22796428,ahn 2 005,1734,1743,100,22796428,ahn 2 005,100,1734,1743,en_ner_jnlpba_md,1000
23142559,cxcl8,476,481,25,23142559,ach,25,486,489,en_ner_jnlpba_md,1000
23212976,pcbs,1554,1558,100,23212976,pcbs,100,1554,1558,en_ner_jnlpba_md,1000
23174144,cu nps,1333,1339,50,23174144,cu,50,1333,1335,en_ner_jnlpba_md,1000
23078954,tylosin,327,334,100,23078954,tylosin,100,327,334,en_ner_jnlpba_md,1000
23201927,sal b,826,831,100,23201927,sal b,100,826,831,en_ner_jnlpba_md,1000
22986947,apap,1673,1677,100,22986947,apap,100,1673,1677,en_ner_jnlpba_md,1000
23212963,cnts,18,22,25,23212963,phenanthrene,25,14,26,en_ner_jnlpba_md,1000
23246481,wogonin,190,197,100,23246481,wogonin,100,190,197,en_ner_jnlpba_md,1000
23240979,cpes,988,992,75,23240979,opes,75,997,1001,en_ner_jnlpba_md,1000
23152191,δ 9 thc,762,770,100,23152191,δ 9 thc,100,762,770,en_ner_jnlpba_md,1000
23099319,dom,437,440,100,23099319,dom,100,437,440,en_ner_jnlpba_md,1000
23210742,trans aca,797,806,100,23210742,trans aca,100,797,806,en_ner_jnlpba_md,1000
23238642,arsenite oxidase,672,688,67,23238642,arsenite,67,672,680,en_ner_jnlpba_md,1000
23249384,thf molecules,1358,1371,38,23249384,thf,38,1358,1361,en_ner_jnlpba_md,1000
23073075,nmda,765,769,100,23073075,nmda,100,765,769,en_ner_jnlpba_md,1000
23108036,hmscs,415,420,33,23108036,arsenic,33,423,430,en_ner_jnlpba_md,1000
23022271,nmda,542,546,100,23022271,nmda,100,542,546,en_ner_jnlpba_md,1000
22443216,δ 3 carene,785,795,100,22443216,δ 3 carene,100,785,795,en_ner_jnlpba_md,1000
22883213,c terminus,308,318,18,22883213,c,18,308,309,en_ner_jnlpba_md,1000
23065141,noh dca,1779,1786,100,23065141,noh dca,100,1779,1786,en_ner_jnlpba_md,1000
22864625,nanotube inh complexes,1125,1147,24,22864625,inh,24,1134,1137,en_ner_jnlpba_md,1000
23022048,gaba,1557,1561,100,23022048,gaba,100,1557,1561,en_ner_jnlpba_md,1000
23134558,lng ius,423,430,60,23134558,lng,60,423,426,en_ner_jnlpba_md,1000
23073075,n methyl d aspartate,743,763,100,23073075,n methyl d aspartate,100,743,763,en_ner_jnlpba_md,1000
23201179,avt neurons,496,507,43,23201179,avt,43,496,499,en_ner_jnlpba_md,1000
23202134,mda,1253,1256,100,23202134,mda,100,1253,1256,en_ner_jnlpba_md,1000
23247008,aldh1b1 amino acid sequences,433,461,53,23247008,amino acid,53,441,451,en_ner_jnlpba_md,1000
23153668,coumarin 6,474,484,100,23153668,coumarin 6,100,474,484,en_ner_jnlpba_md,1000
23122151,aldose reductase,197,213,55,23122151,aldose,55,197,203,en_ner_jnlpba_md,1000
23117151,aryl hydrocarbon receptor,141,166,78,23117151,aryl hydrocarbon,78,141,157,en_ner_jnlpba_md,1000
22995584,epo a,1119,1124,80,22995584,epo b,80,1129,1134,en_ner_jnlpba_md,1000
22410778,camp pka,709,717,67,22410778,camp,67,709,713,en_ner_jnlpba_md,1000
23220618,img,1322,1325,100,23220618,img,100,1322,1325,en_ner_jnlpba_md,1000
23246481,wogonin,404,411,100,23246481,wogonin,100,404,411,en_ner_jnlpba_md,1000
23194537,c terminus,679,689,18,23194537,c,18,679,680,en_ner_jnlpba_md,1000
22082827,zn,575,577,100,22082827,zn,100,575,577,en_ner_jnlpba_md,1000
23175103,co 3 ,1173,1178,100,23175103,co 3 ,100,1173,1179,en_ner_jnlpba_md,1000
23240979,ope,305,308,100,23240979,ope,100,305,308,en_ner_jnlpba_md,1000
23059794,f1,811,813,33,23059794,pfos,33,803,807,en_ner_jnlpba_md,1000
23136062,zn ii complexes,971,987,57,23136062,zn ii ,57,971,977,en_ner_jnlpba_md,1000
23237860,aldehyde dehydrogenase,37,59,47,23237860,acetaldehyde,47,46,58,en_ner_jnlpba_md,1000
23177260,superoxide dismutase,821,841,67,23177260,superoxide,67,821,831,en_ner_jnlpba_md,1000
23206276,rdb,1003,1006,100,23206276,rdb,100,1003,1006,en_ner_jnlpba_md,1000
23042952,sirt1,1032,1037,25,23042952,rsv,25,1027,1030,en_ner_jnlpba_md,1000
22986488,1 25 oh 2 d,1445,1457,100,22986488,1 25 oh 2 d,100,1445,1457,en_ner_jnlpba_md,1000
23168114,stp,442,445,100,23168114,stp,100,442,445,en_ner_jnlpba_md,1000
22761031,aur,448,451,100,22761031,aur,100,448,451,en_ner_jnlpba_md,1000
23047462,fto substrate,651,664,38,23047462,fto,38,651,654,en_ner_jnlpba_md,1000
22967140,oestrogen receptors,373,392,64,22967140,oestrogen,64,373,382,en_ner_jnlpba_md,1000
23167812,8 8 dialkylcanadines,422,442,100,23167812,8 8 dialkylcanadines,100,422,442,en_ner_jnlpba_md,1000
22447662,glutathione reductase,488,509,69,22447662,glutathione,69,488,499,en_ner_jnlpba_md,1000
23111881,taa 300,707,714,60,23111881,taa,60,707,710,en_ner_jnlpba_md,1000
23229510,e235,1045,1049,100,23229510,e235,100,1045,1049,en_ner_jnlpba_md,1000
23142599,estrogen receptor,454,471,64,23142599,estrogen,64,454,462,en_ner_jnlpba_md,1000
23190093,β sheet,575,582,27,23190093,tyrosine,27,583,591,en_ner_jnlpba_md,1000
23240979,ope,1434,1437,100,23240979,ope,100,1434,1437,en_ner_jnlpba_md,1000
23238642,arsenate reductase,1694,1712,62,23238642,arsenate,62,1694,1702,en_ner_jnlpba_md,1000
23111950,mgo,649,652,100,23111950,mgo,100,649,652,en_ner_jnlpba_md,1000
23073075,phosphatidylinositol 3 kinase,1118,1147,82,23073075,phosphatidylinositol,82,1118,1138,en_ner_jnlpba_md,1000
23220618,img,1194,1197,100,23220618,img,100,1194,1197,en_ner_jnlpba_md,1000
23194541,anthocyanin,1573,1584,100,23194541,anthocyanin,100,1573,1584,en_ner_jnlpba_md,1000
23254573,7 n n diethylamino coumarin 3 carboxylic acid,55,102,100,23254573,7 n n diethylamino coumarin 3 carboxylic acid,100,55,102,en_ner_jnlpba_md,1000
23206276,ag,1131,1133,100,23206276,ag,100,1131,1133,en_ner_jnlpba_md,1000
22872606,superoxide dismutase,1343,1363,67,22872606,superoxide,67,1343,1353,en_ner_jnlpba_md,1000
22935511,anti cocaine antibody,291,312,50,22935511,cocaine,50,296,303,en_ner_jnlpba_md,1000
23159886,superoxide dismutase,1035,1055,67,23159886,superoxide,67,1035,1045,en_ner_jnlpba_md,1000
22951949,n n diethyldithiocarbamate ,332,360,98,22951949,n n diethyldithiocarbamate,98,332,358,en_ner_jnlpba_md,1000
23160481,phosphatidylinositol 3 kinase,108,137,82,23160481,phosphatidylinositol,82,108,128,en_ner_jnlpba_md,1000
23177260,enzymes,764,771,20,23177260,gsh,20,773,776,en_ner_jnlpba_md,1000
22553909,itr,721,724,100,22553909,itr,100,721,724,en_ner_jnlpba_md,1000
23230905,polymer au,768,778,33,23230905,au,33,776,778,en_ner_jnlpba_md,1000
23219934,pd168368 pd176252,465,482,64,23219934,pd176252,64,474,482,en_ner_jnlpba_md,1000
23093494,n terminus,1222,1232,18,23093494,n,18,1222,1223,en_ner_jnlpba_md,1000
22995584,epo b,175,180,100,22995584,epo b,100,175,180,en_ner_jnlpba_md,1000
22876784,plasma meg,624,634,46,22876784,meg,46,631,634,en_ner_jnlpba_md,1000
23137956,egcg selenite,802,815,76,23137956,selenite,76,807,815,en_ner_jnlpba_md,1000
23111876,adenosine receptors,28,47,64,23111876,adenosine,64,28,37,en_ner_jnlpba_md,1000
23246797,hp β cd,2628,2635,100,23246797,hp β cd,100,2628,2635,en_ner_jnlpba_md,1000
23182766,serum creatine kinase,1320,1341,55,23182766,creatine,55,1326,1334,en_ner_jnlpba_md,1000
22899102,bp,273,275,33,22899102,bp phenols,33,273,283,en_ner_jnlpba_md,1000
23239550,17 17 dialkyl 3 14 diaryltetrabenzofluorenes,12,56,100,23239550,17 17 dialkyl 3 14 diaryltetrabenzofluorenes,100,12,56,en_ner_jnlpba_md,1000
23143912,al e g ti fe etc ,520,541,21,23143912,ti,21,529,531,en_ner_jnlpba_md,1000
23146695,superoxide dismutase,706,726,67,23146695,superoxide,67,706,716,en_ner_jnlpba_md,1000
23136062,ga 3 ,1195,1201,100,23136062,ga 3 ,100,1195,1201,en_ner_jnlpba_md,1000
22974972,hmg coa reductase,1249,1266,58,22974972,hmg coa,58,1249,1256,en_ner_jnlpba_md,1000
23093494,tm6 k v cores,1386,1400,14,23093494,k,14,1390,1391,en_ner_jnlpba_md,1000
22995584,epo a,609,614,80,22995584,epo b,80,616,621,en_ner_jnlpba_md,1000
23161581,ag,386,388,100,23161581,ag,100,386,388,en_ner_jnlpba_md,1000
23194532,gsh px,644,650,67,23194532,gsh,67,644,647,en_ner_jnlpba_md,1000
23237835,epoxyeicosatrienoic acids,166,191,100,23237835,epoxyeicosatrienoic acids,100,166,191,en_ner_jnlpba_md,1000
23017411, 2 hydroxypropyl γ cyclodextrin,211,243,100,23017411, 2 hydroxypropyl γ cyclodextrin,100,211,243,en_ner_jnlpba_md,1000
23025634,ag,110,112,100,23025634,ag,100,110,112,en_ner_jnlpba_md,1000
23220035,dep,637,640,100,23220035,dep,100,637,640,en_ner_jnlpba_md,1000
23136062,nopo,1000,1004,25,23136062,trap,25,991,995,en_ner_jnlpba_md,1000
23117151,androgen receptor,199,216,64,23117151,androgen,64,199,207,en_ner_jnlpba_md,1000
23078954,tylosin,1660,1667,100,23078954,tylosin,100,1660,1667,en_ner_jnlpba_md,1000
23136062,nopo,804,808,25,23136062,trap,25,795,799,en_ner_jnlpba_md,1000
23252799,ps b p4vp,144,153,100,23252799,ps b p4vp,100,144,153,en_ner_jnlpba_md,1000
23201371,nor,737,740,33,23201371,nlx,33,744,747,en_ner_jnlpba_md,1000
23206276,ag,743,745,100,23206276,ag,100,743,745,en_ner_jnlpba_md,1000
22998221,span80,361,367,100,22998221,span80,100,361,367,en_ner_jnlpba_md,1000
22965581,oxide hybrids,37,50,56,22965581,oxide,56,37,42,en_ner_jnlpba_md,1000
23168114,bzds,17,21,100,23168114,bzds,100,17,21,en_ner_jnlpba_md,1000
23194828,cpf,1173,1176,100,23194828,cpf,100,1173,1176,en_ner_jnlpba_md,1000
22719017,i 2 imidazoline receptors,227,253,61,22719017,imidazoline,61,232,243,en_ner_jnlpba_md,1000
23234434,ppca,907,911,100,23234434,ppca,100,907,911,en_ner_jnlpba_md,1000
22790339,ch3nhc2h4n ch3 conh2,475,495,100,22790339,ch3nhc2h4n ch3 conh2,100,475,495,en_ner_jnlpba_md,1000
23093024,apap,336,340,100,23093024,apap,100,336,340,en_ner_jnlpba_md,1000
23168114,stp,1517,1520,100,23168114,stp,100,1517,1520,en_ner_jnlpba_md,1000
23256708,ir p olefin complex,307,328,77,23256708,ir p olefin ,77,307,320,en_ner_jnlpba_md,1000
23079545,ghrp 2,1028,1034,22,23079545,arg,22,1022,1025,en_ner_jnlpba_md,1000
23174144,cu nps,356,362,50,23174144,cu,50,356,358,en_ner_jnlpba_md,1000
22951949,copper,1643,1649,100,22951949,copper,100,1643,1649,en_ner_jnlpba_md,1000
23229136,ni,1058,1060,100,23229136,ni,100,1058,1060,en_ner_jnlpba_md,1000
22864625,swnts,100,105,18,22864625,carbon,18,103,109,en_ner_jnlpba_md,1000
22491024,l dopa,1728,1734,100,22491024,l dopa,100,1728,1734,en_ner_jnlpba_md,1000
23254253,ag,1265,1267,100,23254253,ag,100,1265,1267,en_ner_jnlpba_md,1000
22995584,epothilone a,136,148,100,22995584,epothilone a,100,136,148,en_ner_jnlpba_md,1000
23103446,k562 dox cells,555,569,35,23103446,dox,35,560,563,en_ner_jnlpba_md,1000
23194532,gsh rd,679,685,67,23194532,gsh,67,679,682,en_ner_jnlpba_md,1000
23201371,vitamin b12,1005,1016,100,23201371,vitamin b12,100,1005,1016,en_ner_jnlpba_md,1000
23175103,co 3 ,1357,1363,100,23175103,co 3 ,100,1357,1363,en_ner_jnlpba_md,1000
22719017,lsl,305,308,50,22719017,lsl 61122,50,305,314,en_ner_jnlpba_md,1000
23237733,dmes,149,153,29,23237733,udp,29,155,158,en_ner_jnlpba_md,1000
23111886,rhepo,507,512,22,23111886,cisp,22,515,519,en_ner_jnlpba_md,1000
22981459,hi 6,1390,1394,100,22981459,hi 6,100,1390,1394,en_ner_jnlpba_md,1000
22491024,l dopa,1275,1281,100,22491024,l dopa,100,1275,1281,en_ner_jnlpba_md,1000
23229057,pcn,1162,1165,100,23229057,pcn,100,1162,1165,en_ner_jnlpba_md,1000
22982248,nmda,1209,1213,100,22982248,nmda,100,1209,1213,en_ner_jnlpba_md,1000
23164932,krg 3 np groups,645,660,42,23164932,3 np,42,649,653,en_ner_jnlpba_md,1000
23201179,avt neurons,1519,1530,43,23201179,avt,43,1519,1522,en_ner_jnlpba_md,1000
23246481,wogonin,892,899,100,23246481,wogonin,100,892,899,en_ner_jnlpba_md,1000
23201179,avt neurons,794,805,43,23201179,avt,43,794,797,en_ner_jnlpba_md,1000
23017411,hp γ cd,530,537,100,23017411,hp γ cd,100,530,537,en_ner_jnlpba_md,1000
23245513,mcnd,258,262,100,23245513,mcnd,100,258,262,en_ner_jnlpba_md,1000
23214973,pva mms,572,579,60,23214973,pva,60,572,575,en_ner_jnlpba_md,1000
23161873,fructose aldolase,1434,1451,64,23161873,fructose,64,1434,1442,en_ner_jnlpba_md,1000
23084047,mc lr,486,491,100,23084047,mc lr,100,486,491,en_ner_jnlpba_md,1000
23174748,inducible nitric oxide synthase,789,820,56,23174748,nitric oxide,56,799,811,en_ner_jnlpba_md,1000
23240979,cpes,1210,1214,75,23240979,opes,75,1219,1223,en_ner_jnlpba_md,1000
23073075,sphingosine 1 phosphate receptor,124,156,84,23073075,sphingosine 1 phosphate,84,124,147,en_ner_jnlpba_md,1000
23240995,ingaas,1107,1113,100,23240995,ingaas,100,1107,1113,en_ner_jnlpba_md,1000
22931187,ptz601,1192,1198,100,22931187,ptz601,100,1192,1198,en_ner_jnlpba_md,1000
23197773,δ 9 thc,623,631,100,23197773,δ 9 thc,100,623,631,en_ner_jnlpba_md,1000
23166012,superoxide dismutase,477,497,67,23166012,superoxide,67,477,487,en_ner_jnlpba_md,1000
23214973,pva,341,344,100,23214973,pva,100,341,344,en_ner_jnlpba_md,1000
23168115,5 ht cells,919,929,57,23168115,5 ht,57,919,923,en_ner_jnlpba_md,1000
23210742,aca,579,582,100,23210742,aca,100,579,582,en_ner_jnlpba_md,1000
23215039,lysosomal cysteine protease,14,41,46,23215039,cysteine,46,24,32,en_ner_jnlpba_md,1000
23220609,bzp,768,771,100,23220609,bzp,100,768,771,en_ner_jnlpba_md,1000
22936348, coox,116,121,89,22936348,coox,89,117,121,en_ner_jnlpba_md,1000
23169608,3 hydroxy nbp,752,765,100,23169608,3 hydroxy nbp,100,752,765,en_ner_jnlpba_md,1000
23103600,nad,944,947,100,23103600,nad,100,944,947,en_ner_jnlpba_md,1000
23201927,salvianolic acid b,272,290,100,23201927,salvianolic acid b,100,272,290,en_ner_jnlpba_md,1000
22788802,h ,956,959,50,22788802,d ,50,948,952,en_ner_jnlpba_md,1000
22401710,peg,688,691,55,22401710,peg 6000,55,688,696,en_ner_jnlpba_md,1000
23169608,nbp,194,197,100,23169608,nbp,100,194,197,en_ner_jnlpba_md,1000
23146695,pr,71,73,40,23146695,puerarin,40,61,69,en_ner_jnlpba_md,1000
23199985,polyacrylamide pectin,518,539,80,23199985,polyacrylamide,80,518,532,en_ner_jnlpba_md,1000
23192350,n terminus,949,959,18,23192350,n,18,949,950,en_ner_jnlpba_md,1000
23252846,ybco,50,54,100,23252846,ybco,100,50,54,en_ner_jnlpba_md,1000
23099319,dom,605,608,100,23099319,dom,100,605,608,en_ner_jnlpba_md,1000
23187618,mcm 48,122,128,100,23187618,mcm 48,100,122,128,en_ner_jnlpba_md,1000
23210742,ohac trans aca molecules,1211,1235,55,23210742,trans aca,55,1216,1225,en_ner_jnlpba_md,1000
23026138,sulfotransferase,0,16,26,23026138,methamphetamine,26,0,15,en_ner_jnlpba_md,1000
23214973,pva mms,64,71,60,23214973,pva,60,64,67,en_ner_jnlpba_md,1000
23152191,δ 9 thc,1538,1546,100,23152191,δ 9 thc,100,1538,1546,en_ner_jnlpba_md,1000
23201371,vitamins b,1304,1314,100,23201371,vitamins b,100,1304,1314,en_ner_jnlpba_md,1000
23020787,mrp2,556,560,22,23020787,mk571,22,562,567,en_ner_jnlpba_md,1000
22610748,glutathione reductase,642,663,69,22610748,glutathione,69,642,653,en_ner_jnlpba_md,1000
23246797,hydroxypropyl β cyclodextrin,754,782,100,23246797,hydroxypropyl β cyclodextrin,100,754,782,en_ner_jnlpba_md,1000
22508482,h 2 o 2 p38,1501,1513,84,22508482,h 2 o 2 ,84,1501,1509,en_ner_jnlpba_md,1000
23179409,tn,913,915,40,23179409,nitrogen,40,903,911,en_ner_jnlpba_md,1000
23151002,gpcrs,29,34,14,23151002,serotonin,14,35,44,en_ner_jnlpba_md,1000
23220035,bbp,681,684,100,23220035,bbp,100,681,684,en_ner_jnlpba_md,1000
23168114,stp,1273,1276,100,23168114,stp,100,1273,1276,en_ner_jnlpba_md,1000
22968082,amph,1305,1309,100,22968082,amph,100,1305,1309,en_ner_jnlpba_md,1000
22410778,camp pka,599,607,67,22410778,camp,67,599,603,en_ner_jnlpba_md,1000
22982248,nmda,1146,1150,100,22982248,nmda,100,1146,1150,en_ner_jnlpba_md,1000
23182087,nk042,385,390,80,23182087,nk041,80,375,380,en_ner_jnlpba_md,1000
23220035,dep,742,745,100,23220035,dep,100,742,745,en_ner_jnlpba_md,1000
23201927,sal b,933,938,100,23201927,sal b,100,933,938,en_ner_jnlpba_md,1000
22951949,dedtc copper complex,919,939,75,22951949,dedtc copper,75,919,931,en_ner_jnlpba_md,1000
23206276,rdb,1294,1297,100,23206276,rdb,100,1294,1297,en_ner_jnlpba_md,1000
23022048,gaba,594,598,100,23022048,gaba,100,594,598,en_ner_jnlpba_md,1000
22884111,zno nanostructures,34,52,29,22884111,zno,29,39,42,en_ner_jnlpba_md,1000
23206276,ag,497,499,100,23206276,ag,100,497,499,en_ner_jnlpba_md,1000
23022048,gaba,1062,1066,100,23022048,gaba,100,1062,1066,en_ner_jnlpba_md,1000
22864849,glutamate cysteine ligase,434,459,48,22864849,cysteine,48,444,452,en_ner_jnlpba_md,1000
23152191,δ 9 thc,27,35,100,23152191,δ 9 thc,100,27,35,en_ner_jnlpba_md,1000
23210742,ohac aca,619,627,55,23210742,aca,55,624,627,en_ner_jnlpba_md,1000
23212963,carbon nanotubes,0,16,55,23212963,carbon,55,0,6,en_ner_jnlpba_md,1000
23142559,ach,1271,1274,100,23142559,ach,100,1271,1274,en_ner_jnlpba_md,1000
23168114,stp,736,739,100,23168114,stp,100,736,739,en_ner_jnlpba_md,1000
23017411,β cd,600,604,100,23017411,β cd,100,600,604,en_ner_jnlpba_md,1000
23123662,copper,884,890,100,23123662,copper,100,884,890,en_ner_jnlpba_md,1000
22765351,atk,919,922,100,22765351,atk,100,919,922,en_ner_jnlpba_md,1000
23099502,t 2 toxin,1051,1060,100,23099502,t 2 toxin,100,1051,1060,en_ner_jnlpba_md,1000
23201092,gnih ii,893,900,73,23201092,gnih,73,893,897,en_ner_jnlpba_md,1000
23201179,avt neurons,1012,1023,43,23201179,avt,43,1012,1015,en_ner_jnlpba_md,1000
23123664,s adenosylhomocysteine hydrolase,1630,1662,81,23123664,s adenosylhomocysteine,81,1630,1652,en_ner_jnlpba_md,1000
22985736,dehp,302,306,100,22985736,dehp,100,302,306,en_ner_jnlpba_md,1000
23073075,s1p,849,852,100,23073075,s1p,100,849,852,en_ner_jnlpba_md,1000
22926007,amino acid sequences,644,664,67,22926007,amino acid,67,644,654,en_ner_jnlpba_md,1000
23201927,sal b,1083,1088,100,23201927,sal b,100,1083,1088,en_ner_jnlpba_md,1000
23111348,carv flc,841,849,55,23111348,flc,55,846,849,en_ner_jnlpba_md,1000
23174340,tbob site,1294,1303,62,23174340,tbob,62,1294,1298,en_ner_jnlpba_md,1000
23047462,fto glass,752,761,50,23047462,fto,50,752,755,en_ner_jnlpba_md,1000
23111886,bilirubin,927,936,100,23111886,bilirubin,100,927,936,en_ner_jnlpba_md,1000
23201371,nor,439,442,100,23201371,nor,100,439,442,en_ner_jnlpba_md,1000
23175103,o 2f,1143,1147,40,23175103,o,40,1143,1144,en_ner_jnlpba_md,1000
23206865,propargyl ends,189,203,78,23206865,propargyl,78,189,198,en_ner_jnlpba_md,1000
23111348,flc,1687,1690,100,23111348,flc,100,1687,1690,en_ner_jnlpba_md,1000
23187618,mcm 41,114,120,83,23187618,mcm 48,83,122,128,en_ner_jnlpba_md,1000
23246481,wogonin,769,776,100,23246481,wogonin,100,769,776,en_ner_jnlpba_md,1000
22884111,zno ns,391,397,67,22884111,zno,67,391,394,en_ner_jnlpba_md,1000
23174144,muscle cuso 4,1607,1620,60,23174144,cuso 4 ,60,1614,1621,en_ner_jnlpba_md,1000
23187618,sba 16,141,147,100,23187618,sba 16,100,141,147,en_ner_jnlpba_md,1000
23084047,mc lr,1228,1233,100,23084047,mc lr,100,1228,1233,en_ner_jnlpba_md,1000
23201371,b1,494,496,33,23201371,vitamin b1,33,486,496,en_ner_jnlpba_md,1000
23174340,tbob site,1040,1049,62,23174340,tbob,62,1040,1044,en_ner_jnlpba_md,1000
22722028,ampa receptor,1534,1547,47,22722028,ampa,47,1534,1538,en_ner_jnlpba_md,1000
22312035,m1,48,50,67,22312035,afm1,67,52,56,en_ner_jnlpba_md,1000
23041041,5 5 phenyl furan 2 ylmethylene 2 thioxo thiazolidin 4 one,829,888,100,23041041,5 5 phenyl furan 2 ylmethylene 2 thioxo thiazolidin 4 one,100,829,888,en_ner_jnlpba_md,1000
23136062, 68 ge,1454,1461,100,23136062, 68 ge,100,1454,1461,en_ner_jnlpba_md,1000
23099502,t 2 toxin,549,558,100,23099502,t 2 toxin,100,549,558,en_ner_jnlpba_md,1000
22876784,meg,265,268,100,22876784,meg,100,265,268,en_ner_jnlpba_md,1000
23249384,hepes molecules,1057,1072,50,23249384,hepes,50,1057,1062,en_ner_jnlpba_md,1000
23201622,pei,300,303,100,23201622,pei,100,300,303,en_ner_jnlpba_md,1000
22439867,3 5 10 o triacetyl 8 o isobutanoyl 14 o benzoylcyclomyrsinol 1 ,229,293,98,22439867,3 5 10 o triacetyl 8 o isobutanoyl 14 o benzoylcyclomyrsinol,98,229,289,en_ner_jnlpba_md,1000
23017411,hp α cd,468,475,55,23017411,β cd,55,477,481,en_ner_jnlpba_md,1000
23244594,long and rigid spacer,31,52,19,23244594,carboxylate,19,33,44,en_ner_jnlpba_md,1000
23201092,gnih iii,969,977,67,23201092,gnih,67,969,973,en_ner_jnlpba_md,1000
22931187,ptz601,1364,1370,100,22931187,ptz601,100,1364,1370,en_ner_jnlpba_md,1000
23245513,mcnd,600,604,100,23245513,mcnd,100,600,604,en_ner_jnlpba_md,1000
23190093,peg2000 tyr 6,196,209,96,23190093,peg2000 tyr 6 ,96,196,210,en_ner_jnlpba_md,1000
23063623,bic,244,247,100,23063623,bic,100,244,247,en_ner_jnlpba_md,1000
22876784,meg,940,943,100,22876784,meg,100,940,943,en_ner_jnlpba_md,1000
23142789,degradative product,24,43,13,23142789,bisphenol a,13,27,38,en_ner_jnlpba_md,1000
23168114,stp,351,354,100,23168114,stp,100,351,354,en_ner_jnlpba_md,1000
23168114,stp,956,959,100,23168114,stp,100,956,959,en_ner_jnlpba_md,1000
22722774,superoxide dismutase,453,473,67,22722774,superoxide,67,453,463,en_ner_jnlpba_md,1000
23220618,img,980,983,100,23220618,img,100,980,983,en_ner_jnlpba_md,1000
23201927,sal b,292,297,100,23201927,sal b,100,292,297,en_ner_jnlpba_md,1000
22954533,neutral red nr ,766,782,85,22954533,neutral red,85,766,777,en_ner_jnlpba_md,1000
23161581,ag doped pbse,59,72,47,23161581,pbse,47,66,70,en_ner_jnlpba_md,1000
23240979,ope,609,612,100,23240979,ope,100,609,612,en_ner_jnlpba_md,1000
23247545,pcbs,611,615,33,23247545,se,33,606,608,en_ner_jnlpba_md,1000
23093024,apap,1682,1686,100,23093024,apap,100,1682,1686,en_ner_jnlpba_md,1000
22931187,ptz601,575,581,100,22931187,ptz601,100,575,581,en_ner_jnlpba_md,1000
23220035,aryl hydrocarbon receptor,1029,1054,78,23220035,aryl hydrocarbon,78,1029,1045,en_ner_jnlpba_md,1000
23146695,puerarin,61,69,100,23146695,puerarin,100,61,69,en_ner_jnlpba_md,1000
22082827,zn,420,422,100,22082827,zn,100,420,422,en_ner_jnlpba_md,1000
22951949,copper,1744,1750,100,22951949,copper,100,1744,1750,en_ner_jnlpba_md,1000
22719017,lsl 60101,1302,1311,100,22719017,lsl 60101,100,1302,1311,en_ner_jnlpba_md,1000
23197647,mrp,966,969,25,23197647,mk571,25,956,961,en_ner_jnlpba_md,1000
22082827,zn,619,621,100,22082827,zn,100,619,621,en_ner_jnlpba_md,1000
22986947,apap,870,874,100,22986947,apap,100,870,874,en_ner_jnlpba_md,1000
22963497,gnrh receptor,492,505,47,22963497,gnrh,47,492,496,en_ner_jnlpba_md,1000
23142559,ach,486,489,100,23142559,ach,100,486,489,en_ner_jnlpba_md,1000
22935038,cort,698,702,100,22935038,cort,100,698,702,en_ner_jnlpba_md,1000
23163337,nitrite reductase,1151,1168,58,23163337,nitrite,58,1151,1158,en_ner_jnlpba_md,1000
22761031,geranyloxycoumarin,70,88,100,22761031,geranyloxycoumarin,100,70,88,en_ner_jnlpba_md,1000
23201927,sal b,1286,1291,100,23201927,sal b,100,1286,1291,en_ner_jnlpba_md,1000
23207679,saponins 2 3 9 ,315,333,70,23207679,saponins,70,315,323,en_ner_jnlpba_md,1000
23065592,vitamin d receptor,193,211,67,23065592,vitamin d,67,193,202,en_ner_jnlpba_md,1000
22935610,ser46,810,815,75,22935610,ser,75,810,813,en_ner_jnlpba_md,1000
23195959,phospho akt,207,218,78,23195959,phospho,78,207,214,en_ner_jnlpba_md,1000
23103446,k562 dox cells,138,152,35,23103446,dox,35,143,146,en_ner_jnlpba_md,1000
23220035,dbp,673,676,67,23220035,bbp,67,681,684,en_ner_jnlpba_md,1000
23194828,cpf,482,485,100,23194828,cpf,100,482,485,en_ner_jnlpba_md,1000
22856387,taz,55,58,18,22856387,tm 25659,18,60,68,en_ner_jnlpba_md,1000
22998221,span20,333,339,83,22998221,span40,83,341,347,en_ner_jnlpba_md,1000
23235690,ti,866,868,100,23235690,ti,100,866,868,en_ner_jnlpba_md,1000
23175103,o 2f,1367,1371,44,23175103,co 3 ,44,1357,1363,en_ner_jnlpba_md,1000
22968082,amph,1609,1613,100,22968082,amph,100,1609,1613,en_ner_jnlpba_md,1000
22521210,nuclear estrogen receptors,570,596,47,22521210,estrogen,47,578,586,en_ner_jnlpba_md,1000
23093494,n terminus,874,884,18,23093494,n,18,874,875,en_ner_jnlpba_md,1000
23099319,dom,824,827,100,23099319,dom,100,824,827,en_ner_jnlpba_md,1000
23122166,fatty acid synthase,867,886,69,23122166,fatty acid,69,867,877,en_ner_jnlpba_md,1000
23164619,acetylcholine receptor,276,298,74,23164619,acetylcholine,74,276,289,en_ner_jnlpba_md,1000
22553909,itr,1493,1496,100,22553909,itr,100,1493,1496,en_ner_jnlpba_md,1000
23150428,retinoic acid receptor,893,915,74,23150428,retinoic acid,74,893,906,en_ner_jnlpba_md,1000
23214973,pva,968,971,43,23214973,alkynyl pva,43,960,971,en_ner_jnlpba_md,1000
22313530,non glutamate receptors,886,909,56,22313530,glutamate,56,890,899,en_ner_jnlpba_md,1000
23017411,hp β cd,483,490,73,23017411,β cd,73,477,481,en_ner_jnlpba_md,1000
23220609,bzp,874,877,100,23220609,bzp,100,874,877,en_ner_jnlpba_md,1000
23022048,gaba,421,425,100,23022048,gaba,100,421,425,en_ner_jnlpba_md,1000
23099503,bilirubin,787,796,100,23099503,bilirubin,100,787,796,en_ner_jnlpba_md,1000
23022271,cyt,659,662,100,23022271,cyt,100,659,662,en_ner_jnlpba_md,1000
23135549,estrogen receptor,39,56,64,23135549,estrogen,64,39,47,en_ner_jnlpba_md,1000
23135549,ee₂,1228,1231,100,23135549,ee₂,100,1228,1231,en_ner_jnlpba_md,1000
23200735,androgen receptor,381,398,64,23200735,androgen,64,381,389,en_ner_jnlpba_md,1000
22694127,oh type,417,427,60,22694127,oh ,60,417,422,en_ner_jnlpba_md,1000
23201179,avt neurons,1161,1172,43,23201179,avt,43,1161,1164,en_ner_jnlpba_md,1000
23111348,carv,1771,1775,100,23111348,carv,100,1771,1775,en_ner_jnlpba_md,1000
23240995,si,67,69,44,23240995,silicon,44,71,78,en_ner_jnlpba_md,1000
23194532,glutathione reductase,656,677,69,23194532,glutathione,69,656,667,en_ner_jnlpba_md,1000
23201092,gth,721,724,57,23201092,gnih,57,728,732,en_ner_jnlpba_md,1000
23212963,ha sds,1175,1181,67,23212963,sds,67,1178,1181,en_ner_jnlpba_md,1000
22948803,n glycans,1173,1182,20,22948803,n,20,1173,1174,en_ner_jnlpba_md,1000
23201371,nor,1055,1058,100,23201371,nor,100,1055,1058,en_ner_jnlpba_md,1000
22876784,meg,550,553,100,22876784,meg,100,550,553,en_ner_jnlpba_md,1000
23122331,lactose bound,926,939,70,23122331,lactose,70,926,933,en_ner_jnlpba_md,1000
22430206,egfr,680,684,17,22430206,tyrosine,17,685,693,en_ner_jnlpba_md,1000
23123664,γ glutamylcysteine ligase,1011,1036,84,23123664,γ glutamylcysteine,84,1011,1029,en_ner_jnlpba_md,1000
23237835,soluble epoxide hydrolase,48,73,44,23237835,epoxide,44,56,63,en_ner_jnlpba_md,1000
23017411,hp β cd,685,692,100,23017411,hp β cd,100,685,692,en_ner_jnlpba_md,1000
23210854,histone lysine,539,553,60,23210854,lysine,60,547,553,en_ner_jnlpba_md,1000
23103446,k562 dox cells,797,811,35,23103446,dox,35,802,805,en_ner_jnlpba_md,1000
23194534,protein carbonyls,794,811,69,23194534,carbonyls,69,802,811,en_ner_jnlpba_md,1000
23072367,phosphatidylinositol 4 5 bisphosphate,450,487,100,23072367,phosphatidylinositol 4 5 bisphosphate,100,450,487,en_ner_jnlpba_md,1000
23152189,aryl hydrocarbon receptor,1277,1302,78,23152189,aryl hydrocarbon,78,1277,1293,en_ner_jnlpba_md,1000
23247407,co molecules,378,390,29,23247407,co,29,378,380,en_ner_jnlpba_md,1000
23122065,phosphatidylinositol 3 kinase,674,703,82,23122065,phosphatidylinositol,82,674,694,en_ner_jnlpba_md,1000
23177260,gpx,784,787,29,23177260,gssh,29,778,782,en_ner_jnlpba_md,1000
23192785,β hydroxy,432,441,69,23192785,β hydroxy ketones,69,432,449,en_ner_jnlpba_md,1000
23086141,cort,808,812,100,23086141,cort,100,808,812,en_ner_jnlpba_md,1000
22664304,l dopa,1141,1147,100,22664304,l dopa,100,1141,1147,en_ner_jnlpba_md,1000
23064325,itra,758,762,100,23064325,itra,100,758,762,en_ner_jnlpba_md,1000
23201371,nor,854,857,100,23201371,nor,100,854,857,en_ner_jnlpba_md,1000
23122331,lactose,664,671,100,23122331,lactose,100,664,671,en_ner_jnlpba_md,1000
23159886,nitric oxide synthase,734,755,73,23159886,nitric oxide,73,734,746,en_ner_jnlpba_md,1000
23152191,δ 9 thc,639,647,100,23152191,δ 9 thc,100,639,647,en_ner_jnlpba_md,1000
23220618,img,1327,1330,100,23220618,img,100,1322,1325,en_ner_jnlpba_md,1000
23246798,peo,390,393,100,23246798,peo,100,390,393,en_ner_jnlpba_md,1000
23148024,polycyclic aromatic hydrocarbon,4,35,100,23148024,polycyclic aromatic hydrocarbon,100,4,35,en_ner_jnlpba_md,1000
23235690,si layers,604,613,36,23235690,si,36,604,606,en_ner_jnlpba_md,1000
23054066,platelet serotonin,1049,1067,67,23054066,serotonin,67,1058,1067,en_ner_jnlpba_md,1000
23022271,nmda,755,759,100,23022271,nmda,100,755,759,en_ner_jnlpba_md,1000
22951949,copper,442,448,100,22951949,copper,100,442,448,en_ner_jnlpba_md,1000
22553909,itr,971,974,100,22553909,itr,100,971,974,en_ner_jnlpba_md,1000
23173549,androstane receptor,56,75,69,23173549,androstane,69,56,66,en_ner_jnlpba_md,1000
22939001,2 amino 4 8 dihydropyrano 3 2 b pyran 3 carbonitrile scaffolds,45,107,91,22939001,2 amino 4 8 dihydropyrano 3 2 b pyran 3 carbonitrile,91,45,97,en_ner_jnlpba_md,1000
23064325,itra,887,891,100,23064325,itra,100,887,891,en_ner_jnlpba_md,1000
23099502,t 2 toxin,1230,1239,100,23099502,t 2 toxin,100,1230,1239,en_ner_jnlpba_md,1000
23171424,amino acid sequence,894,913,69,23171424,amino acid,69,894,904,en_ner_jnlpba_md,1000
22553909,itr,1512,1515,100,22553909,itr,100,1512,1515,en_ner_jnlpba_md,1000
23220618,img,1079,1082,100,23220618,img,100,1079,1082,en_ner_jnlpba_md,1000
23103600,nadp,959,963,100,23103600,nadp,100,959,963,en_ner_jnlpba_md,1000
22982776,6 histidine tag,469,485,75,22982776,histidine,75,472,481,en_ner_jnlpba_md,1000
23220616,γ glutamylcysteine ligase,1175,1200,84,23220616,γ glutamylcysteine,84,1175,1193,en_ner_jnlpba_md,1000
23099319,dom,1440,1443,100,23099319,dom,100,1440,1443,en_ner_jnlpba_md,1000
23041042,organophosphorus hydrolase,482,508,76,23041042,organophosphorus,76,482,498,en_ner_jnlpba_md,1000
22447662,ach,896,899,100,22447662,ach,100,896,899,en_ner_jnlpba_md,1000
22610748,bilirubin,871,880,100,22610748,bilirubin,100,871,880,en_ner_jnlpba_md,1000
23237733,drug metabolizing enzymes,122,147,39,23237733,4 methylumbelliferone,39,120,141,en_ner_jnlpba_md,1000
23238103,estrogen receptors,288,306,62,23238103,estrogen,62,288,296,en_ner_jnlpba_md,1000
22301814,bilirubin,458,467,100,22301814,bilirubin,100,458,467,en_ner_jnlpba_md,1000
